Abraham Becomes God’s Friend	https://cms-imgp.jw-cdn.org/img/p/502017115/univ/art/502017115_univ_lsr_lg.jpg	/en/bible-teachings/children/illustrated-bible-stories/abraham-becomes-gods-friend/
Adam and Eve Become Selfish	https://cms-imgp.jw-cdn.org/img/p/502016218/univ/art/502016218_univ_lsr_lg.jpg	/en/bible-teachings/children/illustrated-bible-stories/adam-and-eve-become-selfish/
Daniel Obeys Jehovah	https://cms-imgp.jw-cdn.org/img/p/502017212/univ/art/502017212_univ_lsr_lg.jpg	/en/bible-teachings/children/illustrated-bible-stories/daniel-obeys-jehovah/
David Courageously Defeats Goliath	https://cms-imgp.jw-cdn.org/img/p/502016171/univ/art/502016171_univ_lsr_lg.jpg	/en/bible-teachings/children/illustrated-bible-stories/david-defeats-goliath/
God Sends Moses to Egypt	https://cms-imgp.jw-cdn.org/img/p/502014127/univ/art/502014127_univ_lsr_lg.jpg	/en/bible-teachings/children/illustrated-bible-stories/god-sends-moses-10-plagues/
The Israelites Make a Golden Calf	https://cms-imgp.jw-cdn.org/img/p/502014216/univ/art/502014216_univ_lsr_lg.jpg	/en/bible-teachings/children/illustrated-bible-stories/israelites-make-golden-calf/
Jacob and Esau	https://cms-imgp.jw-cdn.org/img/p/502013187/univ/art/502013187_univ_lsr_lg.jpg	/en/bible-teachings/children/illustrated-bible-stories/jacob-esau/
Jehovah Forgives King Manasseh	https://cms-imgp.jw-cdn.org/img/p/502017168/univ/art/502017168_univ_lsr_lg.jpg	/en/bible-teachings/children/illustrated-bible-stories/jehovah-forgives-freely-manasseh/
Jehovah Helps Gideon Deal With Bullies	https://cms-imgp.jw-cdn.org/img/p/502015214/univ/art/502015214_univ_lsr_lg.jpg	/en/bible-teachings/children/illustrated-bible-stories/jehovah-helps-gideon/
Jehovah Makes Solomon Wise	https://cms-imgp.jw-cdn.org/img/p/502017137/univ/art/502017137_univ_lsr_lg.jpg	/en/bible-teachings/children/illustrated-bible-stories/jehovah-makes-solomon-wise/
Jehovah Saves the Israelites	https://cms-imgp.jw-cdn.org/img/p/502014166/univ/art/502014166_univ_lsr_lg.jpg	/en/bible-teachings/children/illustrated-bible-stories/jehovah-saves-israelites/
Joseph in the Land of Egypt	https://cms-imgp.jw-cdn.org/img/p/502013214/univ/art/502013214_univ_lsr_lg.jpg	/en/bible-teachings/children/illustrated-bible-stories/joseph-in-the-land-of-egypt/
Joseph Saves Lives	https://cms-imgp.jw-cdn.org/img/p/502013288/univ/art/502013288_univ_lsr_lg.jpg	/en/bible-teachings/children/illustrated-bible-stories/joseph-saves-lives/
Korah Disrespects Moses and Aaron	https://cms-imgp.jw-cdn.org/img/p/502014287/univ/art/502014287_univ_lsr_lg.jpg	/en/bible-teachings/children/illustrated-bible-stories/korah-disrespects-moses-aaron/
Lot and His Family	https://cms-imgp.jw-cdn.org/img/p/502013169/univ/art/502013169_univ_lsr_lg.jpg	/en/bible-teachings/children/illustrated-bible-stories/lot-and-family/
Moses Grows Up in Egypt	https://cms-imgp.jw-cdn.org/img/p/502013369/univ/art/502013369_univ_lsr_lg.jpg	/en/bible-teachings/children/illustrated-bible-stories/moses-grows-up-in-egypt/
Noah Has Faith in God	https://cms-imgp.jw-cdn.org/img/p/502016257/univ/art/502016257_univ_lsr_lg.jpg	/en/bible-teachings/children/illustrated-bible-stories/noah-faith-in-god/
Rahab Survives the Fall of Jericho	https://cms-imgp.jw-cdn.org/img/p/502014342/univ/art/502014342_univ_lsr_lg.jpg	/en/bible-teachings/children/illustrated-bible-stories/rahab-survives-jericho/
Ruth Displays Loyal Love to Naomi	https://cms-imgp.jw-cdn.org/img/p/502015172/univ/art/502015172_univ_lsr_lg.jpg	/en/bible-teachings/children/illustrated-bible-stories/ruth-loyal-love-naomi/
Holy Spirit Empowers Samson	https://cms-imgp.jw-cdn.org/img/p/502015259/univ/art/502015259_univ_lsr_lg.jpg	/en/bible-teachings/children/illustrated-bible-stories/samson-holy-spirit/
Samuel Chooses to Serve Jehovah	https://cms-imgp.jw-cdn.org/img/p/502016134/univ/art/502016134_univ_lsr_lg.jpg	/en/bible-teachings/children/illustrated-bible-stories/samuel-chooses-jehovah/
The Sons of Jacob	https://cms-imgp.jw-cdn.org/img/p/502013155/univ/art/502013155_univ_lsr_lg.jpg	/en/bible-teachings/children/illustrated-bible-stories/sons-of-jacob-illustrated-story/
Creation to the Flood	https://cms-imgp.jw-cdn.org/img/p/my/E/pt/my_E_xs.jpg	/en/library/books/bible-stories/1/
Adam and Eve—the First Man and Woman	https://cms-imgp.jw-cdn.org/img/p/1101978055/univ/art/1101978055_univ_lsr_lg.jpg	/en/library/books/bible-stories/1/adam-and-eve/
Cain and Abel	https://cms-imgp.jw-cdn.org/img/p/1101978058/univ/art/1101978058_univ_lsr_lg.jpg	/en/library/books/bible-stories/1/cain-and-abel/
Enoch—A Brave Man	https://cms-imgp.jw-cdn.org/img/p/1101978059/univ/art/1101978059_univ_lsr_lg.jpg	/en/library/books/bible-stories/1/enoch/
The Garden of Eden	https://cms-imgp.jw-cdn.org/img/p/1101978054/univ/art/1101978054_univ_lsr_lg.jpg	/en/library/books/bible-stories/1/garden-of-eden/
The Genesis Creation Story	https://cms-imgp.jw-cdn.org/img/p/1101978053/univ/art/1101978053_univ_lsr_lg.jpg	/en/library/books/bible-stories/1/genesis-creation/
Genesis 6—Giants in the Earth	https://cms-imgp.jw-cdn.org/img/p/1101978060/univ/art/1101978060_univ_lsr_lg.jpg	/en/library/books/bible-stories/1/giants-in-the-earth/
A Hard Life for Adam and Eve	https://cms-imgp.jw-cdn.org/img/p/1101978057/univ/art/1101978057_univ_lsr_lg.jpg	/en/library/books/bible-stories/1/hard-life/
Noah’s Ark	https://cms-imgp.jw-cdn.org/img/p/1101978061/univ/art/1101978061_univ_lsr_lg.jpg	/en/library/books/bible-stories/1/noahs-ark/
Why Adam and Eve Lost Paradise	https://cms-imgp.jw-cdn.org/img/p/1101978056/univ/art/1101978056_univ_lsr_lg.jpg	/en/library/books/bible-stories/1/paradise-lost/
The Great Flood	https://cms-imgp.jw-cdn.org/img/p/1101978062/univ/art/1101978062_univ_lsr_lg.jpg	/en/library/books/bible-stories/1/the-great-flood/
The Flood to the Deliverance From Egypt	https://cms-imgp.jw-cdn.org/img/p/my/E/pt/my_E_xs.jpg	/en/library/books/bible-stories/2/
The 10 Plagues	https://cms-imgp.jw-cdn.org/img/p/1101978085/univ/art/1101978085_univ_lsr_lg.jpg	/en/library/books/bible-stories/2/10-plagues/
Abraham and Isaac	https://cms-imgp.jw-cdn.org/img/p/1101978067/univ/art/1101978067_univ_lsr_lg.jpg	/en/library/books/bible-stories/2/abraham-and-isaac/
Abraham—Friend of God	https://cms-imgp.jw-cdn.org/img/p/1101978066/univ/art/1101978066_univ_lsr_lg.jpg	/en/library/books/bible-stories/2/abraham-friend-of-god/
How Baby Moses Was Saved	https://cms-imgp.jw-cdn.org/img/p/1101978081/univ/art/1101978081_univ_lsr_lg.jpg	/en/library/books/bible-stories/2/baby-moses/
The Book of Job	https://cms-imgp.jw-cdn.org/img/p/1101978079/univ/art/1101978079_univ_lsr_lg.jpg	/en/library/books/bible-stories/2/book-of-job/
Isaac and Rebekah	https://cms-imgp.jw-cdn.org/img/p/1101978069/univ/art/1101978069_univ_lsr_lg.jpg	/en/library/books/bible-stories/2/isaac-and-rebekah/
Growth of Israel in Egypt	https://cms-imgp.jw-cdn.org/img/p/1101978078/univ/art/1101978078_univ_lsr_lg.jpg	/en/library/books/bible-stories/2/israel-in-egypt/
Israelites in Egypt—A Bad King Rules	https://cms-imgp.jw-cdn.org/img/p/1101978080/univ/art/1101978080_univ_lsr_lg.jpg	/en/library/books/bible-stories/2/israelites-in-egypt/
Jacob and Esau—Twins Who Were Different	https://cms-imgp.jw-cdn.org/img/p/1101978070/univ/art/1101978070_univ_lsr_lg.jpg	/en/library/books/bible-stories/2/jacob-and-esau/
Jacob and Rachel	https://cms-imgp.jw-cdn.org/img/p/1101978071/univ/art/1101978071_univ_lsr_lg.jpg	/en/library/books/bible-stories/2/jacob-and-rachel/
Jacob’s Daughter Dinah	https://cms-imgp.jw-cdn.org/img/p/1101978073/univ/art/1101978073_univ_lsr_lg.jpg	/en/library/books/bible-stories/2/jacobs-daughter-dinah/
Jacob’s Sons and the 12 Tribes of Israel	https://cms-imgp.jw-cdn.org/img/p/1101978072/univ/art/1101978072_univ_lsr_lg.jpg	/en/library/books/bible-stories/2/jacobs-sons/
Joseph and His Brothers	https://cms-imgp.jw-cdn.org/img/p/1101978074/univ/art/1101978074_univ_lsr_lg.jpg	/en/library/books/bible-stories/2/joseph-and-his-brothers/
Joseph in Prison	https://cms-imgp.jw-cdn.org/img/p/1101978075/univ/art/1101978075_univ_lsr_lg.jpg	/en/library/books/bible-stories/2/joseph-in-prison/
Joseph Tests His Brothers	https://cms-imgp.jw-cdn.org/img/p/1101978077/univ/art/1101978077_univ_lsr_lg.jpg	/en/library/books/bible-stories/2/joseph-tests-brothers/
Lot’s Wife Becomes a Pillar of Salt	https://cms-imgp.jw-cdn.org/img/p/1101978068/univ/art/1101978068_univ_lsr_lg.jpg	/en/library/books/bible-stories/2/lots-wife/
Moses and Aaron Before Pharaoh	https://cms-imgp.jw-cdn.org/img/p/1101978084/univ/art/1101978084_univ_lsr_lg.jpg	/en/library/books/bible-stories/2/moses-and-aaron/
Moses Flees From Egypt	https://cms-imgp.jw-cdn.org/img/p/1101978082/univ/art/1101978082_univ_lsr_lg.jpg	/en/library/books/bible-stories/2/moses-egypt/
Crossing the Red Sea	https://cms-imgp.jw-cdn.org/img/p/1101978086/univ/art/1101978086_univ_lsr_lg.jpg	/en/library/books/bible-stories/2/moses-red-sea/
Pharaoh’s Dreams	https://cms-imgp.jw-cdn.org/img/p/1101978076/univ/art/1101978076_univ_lsr_lg.jpg	/en/library/books/bible-stories/2/pharaoh-dreams/
Moses and the Burning Bush	https://cms-imgp.jw-cdn.org/img/p/1101978083/univ/art/1101978083_univ_lsr_lg.jpg	/en/library/books/bible-stories/2/the-burning-bush/
The First Rainbow	https://cms-imgp.jw-cdn.org/img/p/1101978064/univ/art/1101978064_univ_lsr_lg.jpg	/en/library/books/bible-stories/2/the-first-rainbow/
Nimrod and His Men Build the Tower of Babel	https://cms-imgp.jw-cdn.org/img/p/1101978065/univ/art/1101978065_univ_lsr_lg.jpg	/en/library/books/bible-stories/2/tower-of-babel/
Deliverance From Egypt to Israel’s First King	https://cms-imgp.jw-cdn.org/img/p/my/E/pt/my_E_xs.jpg	/en/library/books/bible-stories/3/
Aaron’s Rod Grows Flowers	https://cms-imgp.jw-cdn.org/img/p/1101978093/univ/art/1101978093_univ_lsr_lg.jpg	/en/library/books/bible-stories/3/aarons-rod/
Achan—A Thief in Israel	https://cms-imgp.jw-cdn.org/img/p/1101978101/univ/art/1101978101_univ_lsr_lg.jpg	/en/library/books/bible-stories/3/achan/
Balaam’s Donkey Talks	https://cms-imgp.jw-cdn.org/img/p/1101978096/univ/art/1101978096_univ_lsr_lg.jpg	/en/library/books/bible-stories/3/balaams-donkey/
Deborah and Jael—Brave Women in the Bible	https://cms-imgp.jw-cdn.org/img/p/1101978104/univ/art/1101978104_univ_lsr_lg.jpg	/en/library/books/bible-stories/3/brave-women/
Moses and the Copper Snake	https://cms-imgp.jw-cdn.org/img/p/1101978095/univ/art/1101978095_univ_lsr_lg.jpg	/en/library/books/bible-stories/3/copper-snake/
Crossing the Jordan River	https://cms-imgp.jw-cdn.org/img/p/1101978099/univ/art/1101978099_univ_lsr_lg.jpg	/en/library/books/bible-stories/3/crossing-jordan-river/
Joshua and the Gibeonites	https://cms-imgp.jw-cdn.org/img/p/1101978102/univ/art/1101978102_univ_lsr_lg.jpg	/en/library/books/bible-stories/3/gibeonites/
Gideon’s Army of 300 Men	https://cms-imgp.jw-cdn.org/img/p/1101978106/univ/art/1101978106_univ_lsr_lg.jpg	/en/library/books/bible-stories/3/gideons-army/
The Golden Calf	https://cms-imgp.jw-cdn.org/img/p/1101978090/univ/art/1101978090_univ_lsr_lg.jpg	/en/library/books/bible-stories/3/golden-calf/
Jephthah’s Daughter	https://cms-imgp.jw-cdn.org/img/p/1101978107/univ/art/1101978107_univ_lsr_lg.jpg	/en/library/books/bible-stories/3/jephthahs-daughter/
Joshua and Caleb Spy Out the Land of Canaan	https://cms-imgp.jw-cdn.org/img/p/1101978092/univ/art/1101978092_univ_lsr_lg.jpg	/en/library/books/bible-stories/3/joshua-and-caleb/
Joshua Leads Israel After Moses Dies	https://cms-imgp.jw-cdn.org/img/p/1101978097/univ/art/1101978097_univ_lsr_lg.jpg	/en/library/books/bible-stories/3/joshua-moses/
Manna—Food From God	https://cms-imgp.jw-cdn.org/img/p/1101978088/univ/art/1101978088_univ_lsr_lg.jpg	/en/library/books/bible-stories/3/manna-food/
Moses Strikes the Rock at Kadesh	https://cms-imgp.jw-cdn.org/img/p/1101978094/univ/art/1101978094_univ_lsr_lg.jpg	/en/library/books/bible-stories/3/moses-strikes-rock/
Rahab and the Spies	https://cms-imgp.jw-cdn.org/img/p/1101978098/univ/art/1101978098_univ_lsr_lg.jpg	/en/library/books/bible-stories/3/rahab-spies/
Ruth and Naomi	https://cms-imgp.jw-cdn.org/img/p/1101978105/univ/art/1101978105_univ_lsr_lg.jpg	/en/library/books/bible-stories/3/ruth-and-naomi/
The Strongest Man—Judge Samson	https://cms-imgp.jw-cdn.org/img/p/1101978108/univ/art/1101978108_univ_lsr_lg.jpg	/en/library/books/bible-stories/3/samson/
Samuel—A Little Boy Who Serves God	https://cms-imgp.jw-cdn.org/img/p/1101978109/univ/art/1101978109_univ_lsr_lg.jpg	/en/library/books/bible-stories/3/samuel/
The Sun Stands Still	https://cms-imgp.jw-cdn.org/img/p/1101978103/univ/art/1101978103_univ_lsr_lg.jpg	/en/library/books/bible-stories/3/sun-stand-still/
The Tabernacle, a Tent for Worship	https://cms-imgp.jw-cdn.org/img/p/1101978091/univ/art/1101978091_univ_lsr_lg.jpg	/en/library/books/bible-stories/3/tabernacle/
Moses and the Ten Commandments	https://cms-imgp.jw-cdn.org/img/p/1101978089/univ/art/1101978089_univ_lsr_lg.jpg	/en/library/books/bible-stories/3/ten-commandments/
Joshua and the Walls of Jericho	https://cms-imgp.jw-cdn.org/img/p/1101978100/univ/art/1101978100_univ_lsr_lg.jpg	/en/library/books/bible-stories/3/walls-of-jericho/
Israel’s First King to Captivity in Babylon	https://cms-imgp.jw-cdn.org/img/p/my/E/pt/my_E_xs.jpg	/en/library/books/bible-stories/4/
David and Abigail	https://cms-imgp.jw-cdn.org/img/p/1101978115/univ/art/1101978115_univ_lsr_lg.jpg	/en/library/books/bible-stories/4/david-abigail/
David and Goliath	https://cms-imgp.jw-cdn.org/img/p/1101978113/univ/art/1101978113_univ_lsr_lg.jpg	/en/library/books/bible-stories/4/david-and-goliath/
David and Bathsheba	https://cms-imgp.jw-cdn.org/img/p/1101978117/univ/art/1101978117_univ_lsr_lg.jpg	/en/library/books/bible-stories/4/david-bathsheba/
David Becomes King	https://cms-imgp.jw-cdn.org/img/p/1101978116/univ/art/1101978116_univ_lsr_lg.jpg	/en/library/books/bible-stories/4/david-becomes-king/
God Chooses David as King of Israel	https://cms-imgp.jw-cdn.org/img/p/1101978112/univ/art/1101978112_univ_lsr_lg.jpg	/en/library/books/bible-stories/4/david-king-of-israel/
Isaiah’s Prophecy: God Promises a Paradise	https://cms-imgp.jw-cdn.org/img/p/1101978126/univ/art/1101978126_univ_lsr_lg.jpg	/en/library/books/bible-stories/4/isaiah-prophecy/
Jerusalem and the Temple Are Destroyed	https://cms-imgp.jw-cdn.org/img/p/1101978131/univ/art/1101978131_univ_lsr_lg.jpg	/en/library/books/bible-stories/4/jerusalem-temple/
Ahab and Jezebel	https://cms-imgp.jw-cdn.org/img/p/1101978121/univ/art/1101978121_univ_lsr_lg.jpg	/en/library/books/bible-stories/4/jezebel-ahab/
Jonah and the Big Fish	https://cms-imgp.jw-cdn.org/img/p/1101978125/univ/art/1101978125_univ_lsr_lg.jpg	/en/library/books/bible-stories/4/jonah-big-fish/
King Hezekiah’s Prayer	https://cms-imgp.jw-cdn.org/img/p/1101978127/univ/art/1101978127_univ_lsr_lg.jpg	/en/library/books/bible-stories/4/king-hezekiah/
King Jehoshaphat Trusts God	https://cms-imgp.jw-cdn.org/img/p/1101978122/univ/art/1101978122_univ_lsr_lg.jpg	/en/library/books/bible-stories/4/king-jehoshaphat/
Israel’s Last Good King—Josiah	https://cms-imgp.jw-cdn.org/img/p/1101978128/univ/art/1101978128_univ_lsr_lg.jpg	/en/library/books/bible-stories/4/king-josiah/
King Nebuchadnezzar and Four Boys in Babylon	https://cms-imgp.jw-cdn.org/img/p/1101978130/univ/art/1101978130_univ_lsr_lg.jpg	/en/library/books/bible-stories/4/king-nebuchadnezzar/
Israel’s First King—Saul	https://cms-imgp.jw-cdn.org/img/p/1101978111/univ/art/1101978111_univ_lsr_lg.jpg	/en/library/books/bible-stories/4/king-saul/
Wise King Solomon	https://cms-imgp.jw-cdn.org/img/p/1101978118/univ/art/1101978118_univ_lsr_lg.jpg	/en/library/books/bible-stories/4/king-solomon/
The Kingdom of Israel Is Divided	https://cms-imgp.jw-cdn.org/img/p/1101978120/univ/art/1101978120_univ_lsr_lg.jpg	/en/library/books/bible-stories/4/kingdom-of-israel/
The Prophet Elisha, Naaman the Leper, and a Servant Girl	https://cms-imgp.jw-cdn.org/img/p/1101978124/univ/art/1101978124_univ_lsr_lg.jpg	/en/library/books/bible-stories/4/naaman-prophet-elisha/
The Prophets Elijah and Elisha	https://cms-imgp.jw-cdn.org/img/p/1101978123/univ/art/1101978123_univ_lsr_lg.jpg	/en/library/books/bible-stories/4/prophet-elijah/
The Prophet Jeremiah	https://cms-imgp.jw-cdn.org/img/p/1101978129/univ/art/1101978129_univ_lsr_lg.jpg	/en/library/books/bible-stories/4/prophet-jeremiah/
Why David Must Run Away From King Saul	https://cms-imgp.jw-cdn.org/img/p/1101978114/univ/art/1101978114_univ_lsr_lg.jpg	/en/library/books/bible-stories/4/saul-david/
Solomon’s Temple	https://cms-imgp.jw-cdn.org/img/p/1101978119/univ/art/1101978119_univ_lsr_lg.jpg	/en/library/books/bible-stories/4/solomons-temple/
Rebuilding the Walls of Jerusalem After Captivity in Babylon	https://cms-imgp.jw-cdn.org/img/p/my/E/pt/my_E_xs.jpg	/en/library/books/bible-stories/5/
Daniel and the Lions’ Den	https://cms-imgp.jw-cdn.org/img/p/1101978135/univ/art/1101978135_univ_lsr_lg.jpg	/en/library/books/bible-stories/5/daniel-lions-den/
Ezra and the Israelites Rebuild the Temple	https://cms-imgp.jw-cdn.org/img/p/1101978137/univ/art/1101978137_univ_lsr_lg.jpg	/en/library/books/bible-stories/5/ezra-rebuilding-the-temple/
Daniel and the Writing on the Wall	https://cms-imgp.jw-cdn.org/img/p/1101978134/univ/art/1101978134_univ_lsr_lg.jpg	/en/library/books/bible-stories/5/handwriting-on-the-wall/
Queen Esther	https://cms-imgp.jw-cdn.org/img/p/1101978138/univ/art/1101978138_univ_lsr_lg.jpg	/en/library/books/bible-stories/5/queen-esther/
The Israelites Leave Babylon and Return to Jerusalem	https://cms-imgp.jw-cdn.org/img/p/1101978136/univ/art/1101978136_univ_lsr_lg.jpg	/en/library/books/bible-stories/5/return-to-jerusalem/
Shadrach, Meshach and Abednego	https://cms-imgp.jw-cdn.org/img/p/1101978133/univ/art/1101978133_univ_lsr_lg.jpg	/en/library/books/bible-stories/5/shadrach-meshach-abednego/
Nehemiah—Rebuilding the Walls of Jerusalem	https://cms-imgp.jw-cdn.org/img/p/1101978139/univ/art/1101978139_univ_lsr_lg.jpg	/en/library/books/bible-stories/5/walls-of-jerusalem/
The Life of Jesus—From His Birth to His Death	https://cms-imgp.jw-cdn.org/img/p/my/E/pt/my_E_xs.jpg	/en/library/books/bible-stories/6/
An Angel Visits Mary (Luke 1:26-56)	https://cms-imgp.jw-cdn.org/img/p/1101978141/univ/art/1101978141_univ_lsr_lg.jpg	/en/library/books/bible-stories/6/angel-visits-mary/
The Death of Jesus	https://cms-imgp.jw-cdn.org/img/p/1101978158/univ/art/1101978158_univ_lsr_lg.jpg	/en/library/books/bible-stories/6/death-of-jesus/
Jesus and the Samaritan Woman (John 4:5-43)	https://cms-imgp.jw-cdn.org/img/p/1101978147/univ/art/1101978147_univ_lsr_lg.jpg	/en/library/books/bible-stories/6/jesus-and-the-samaritan-woman/
Jesus Born in a Stable (Luke 2:1-20)	https://cms-imgp.jw-cdn.org/img/p/1101978142/univ/art/1101978142_univ_lsr_lg.jpg	/en/library/books/bible-stories/6/jesus-born-in-stable/
Jesus Loves the Little Children	https://cms-imgp.jw-cdn.org/img/p/1101978151/univ/art/1101978151_univ_lsr_lg.jpg	/en/library/books/bible-stories/6/jesus-children/
Jesus Cleanses the Temple (John 2:13-25)	https://cms-imgp.jw-cdn.org/img/p/1101978146/univ/art/1101978146_univ_lsr_lg.jpg	/en/library/books/bible-stories/6/jesus-cleanses-the-temple/
Jesus Feeds 5,000	https://cms-imgp.jw-cdn.org/img/p/1101978150/univ/art/1101978150_univ_lsr_lg.jpg	/en/library/books/bible-stories/6/jesus-feeds-5000/
Jesus in the Garden of Gethsemane	https://cms-imgp.jw-cdn.org/img/p/1101978157/univ/art/1101978157_univ_lsr_lg.jpg	/en/library/books/bible-stories/6/jesus-garden-of-gethsemane/
Jesus Heals the Sick, Even on the Sabbath	https://cms-imgp.jw-cdn.org/img/p/1101978153/univ/art/1101978153_univ_lsr_lg.jpg	/en/library/books/bible-stories/6/jesus-heals-sick/
Jesus’ Last Supper	https://cms-imgp.jw-cdn.org/img/p/1101978156/univ/art/1101978156_univ_lsr_lg.jpg	/en/library/books/bible-stories/6/jesus-last-supper/
Jesus Raises the Dead—Jairus’ Daughter and Others	https://cms-imgp.jw-cdn.org/img/p/1101978149/univ/art/1101978149_univ_lsr_lg.jpg	/en/library/books/bible-stories/6/jesus-raises-jairus-daughter/
Jesus Rides Into Jerusalem	https://cms-imgp.jw-cdn.org/img/p/1101978154/univ/art/1101978154_univ_lsr_lg.jpg	/en/library/books/bible-stories/6/jesus-rides-into-jerusalem/
Jesus’ Sermon on the Mount (Matthew 5-7)	https://cms-imgp.jw-cdn.org/img/p/1101978148/univ/art/1101978148_univ_lsr_lg.jpg	/en/library/books/bible-stories/6/jesus-sermon-on-the-mount/
Jesus’ Teaching: The Parable of the Good Samaritan	https://cms-imgp.jw-cdn.org/img/p/1101978152/univ/art/1101978152_univ_lsr_lg.jpg	/en/library/books/bible-stories/6/jesus-teaching/
John Baptizes Jesus (Matthew 3:13-17)	https://cms-imgp.jw-cdn.org/img/p/1101978145/univ/art/1101978145_univ_lsr_lg.jpg	/en/library/books/bible-stories/6/john-baptizes-jesus/
Jesus on the Mount of Olives	https://cms-imgp.jw-cdn.org/img/p/1101978155/univ/art/1101978155_univ_lsr_lg.jpg	/en/library/books/bible-stories/6/mount-of-olives-jesus/
A Star Over Bethlehem—The Magi Find Jesus’ Birthplace	https://cms-imgp.jw-cdn.org/img/p/1101978143/univ/art/1101978143_univ_lsr_lg.jpg	/en/library/books/bible-stories/6/star-bethlehem-jesus-birth/
Young Jesus in the Temple (Luke 2:41-52)	https://cms-imgp.jw-cdn.org/img/p/1101978144/univ/art/1101978144_univ_lsr_lg.jpg	/en/library/books/bible-stories/6/young-jesus-temple/
Jesus’ Resurrection to Paul’s Imprisonment	https://cms-imgp.jw-cdn.org/img/p/my/E/pt/my_E_xs.jpg	/en/library/books/bible-stories/7/
The Apostles Are Set Free From Prison	https://cms-imgp.jw-cdn.org/img/p/1101978164/univ/art/1101978164_univ_lsr_lg.jpg	/en/library/books/bible-stories/7/apostles-set-free/
Jesus Appears to His Disciples	https://cms-imgp.jw-cdn.org/img/p/1101978161/univ/art/1101978161_univ_lsr_lg.jpg	/en/library/books/bible-stories/7/jesus-appears-to-disciples/
Jesus Is Alive	https://cms-imgp.jw-cdn.org/img/p/1101978160/univ/art/1101978160_univ_lsr_lg.jpg	/en/library/books/bible-stories/7/jesus-is-alive/
Jesus Ascends to Heaven	https://cms-imgp.jw-cdn.org/img/p/1101978162/univ/art/1101978162_univ_lsr_lg.jpg	/en/library/books/bible-stories/7/jesus-returns-to-heaven/
Paul and Eutychus	https://cms-imgp.jw-cdn.org/img/p/1101978169/univ/art/1101978169_univ_lsr_lg.jpg	/en/library/books/bible-stories/7/paul-eutychus/
Paul in Rome	https://cms-imgp.jw-cdn.org/img/p/1101978171/univ/art/1101978171_univ_lsr_lg.jpg	/en/library/books/bible-stories/7/paul-in-rome/
Paul is Shipwrecked on the Island of Malta	https://cms-imgp.jw-cdn.org/img/p/1101978170/univ/art/1101978170_univ_lsr_lg.jpg	/en/library/books/bible-stories/7/paul-shipwrecked/
Paul and Timothy	https://cms-imgp.jw-cdn.org/img/p/1101978168/univ/art/1101978168_univ_lsr_lg.jpg	/en/library/books/bible-stories/7/paul-timothy/
The Apostle Peter Visits Cornelius	https://cms-imgp.jw-cdn.org/img/p/1101978167/univ/art/1101978167_univ_lsr_lg.jpg	/en/library/books/bible-stories/7/peter-cornelius/
Conversion of Saul on the Road to Damascus	https://cms-imgp.jw-cdn.org/img/p/1101978166/univ/art/1101978166_univ_lsr_lg.jpg	/en/library/books/bible-stories/7/road-to-damascus/
Stephen Is Stoned to Death	https://cms-imgp.jw-cdn.org/img/p/1101978165/univ/art/1101978165_univ_lsr_lg.jpg	/en/library/books/bible-stories/7/stephen-stoned/
Tongues of Fire in Jerusalem (Acts 2)	https://cms-imgp.jw-cdn.org/img/p/1101978163/univ/art/1101978163_univ_lsr_lg.jpg	/en/library/books/bible-stories/7/tongues-of-fire/
What the Bible Says About the Future Will Come True	https://cms-imgp.jw-cdn.org/img/p/my/E/pt/my_E_xs.jpg	/en/library/books/bible-stories/8/
Armageddon—the End of All Badness	https://cms-imgp.jw-cdn.org/img/p/1101978173/univ/art/1101978173_univ_lsr_lg.jpg	/en/library/books/bible-stories/8/armageddon/
How We Can Live Forever	https://cms-imgp.jw-cdn.org/img/p/1101978175/univ/art/1101978175_univ_lsr_lg.jpg	/en/library/books/bible-stories/8/live-forever/
A New Paradise on Earth	https://cms-imgp.jw-cdn.org/img/p/1101978174/univ/art/1101978174_univ_lsr_lg.jpg	/en/library/books/bible-stories/8/paradise-earth/
My Book of Bible Stories—Introduction	https://cms-imgp.jw-cdn.org/img/p/my/E/pt/my_E_xs.jpg	/en/library/books/bible-stories/my-book-of-bible-stories/
Study Questions for My Book of Bible Stories	https://cms-imgp.jw-cdn.org/img/p/my/E/pt/my_E_xs.jpg	/en/library/books/bible-stories/study-questions/